{"cameraMode":{"drawMode":0,"name":"Shaded","section":"Shading Mode"},"sceneLighting":true,"audioPlay":false,"sceneViewState":{"m_AlwaysRefresh":false,"showFog":true,"showSkybox":false,"showFlares":true,"showImageEffects":true,"showParticleSystems":true,"showVisualEffectGraphs":true,"m_FxEnabled":true},"in2DMode":false,"pivot":{"x":-0.5234999656677246,"y":2.6610002517700197,"z":-1.0017027854919434},"rotation":{"x":-0.109581358730793,"y":-0.0005998103879392147,"z":0.0000678258656989783,"w":-0.9939889907836914},"size":4.399612903594971,"orthographic":true}