{"cameraMode":{"drawMode":0,"name":"Shaded","section":"Shading Mode"},"sceneLighting":false,"audioPlay":false,"sceneViewState":{"m_AlwaysRefresh":false,"showFog":true,"showSkybox":false,"showFlares":true,"showImageEffects":true,"showParticleSystems":true,"showVisualEffectGraphs":true,"m_FxEnabled":true},"in2DMode":false,"pivot":{"x":0.0000034570693969726564,"y":1.8066809177398682,"z":0.04153609275817871},"rotation":{"x":0.018748817965388299,"y":0.9735507965087891,"z":-0.08668968081474304,"w":0.21056123077869416},"size":2.701749324798584,"orthographic":false}