{"cameraMode":{"drawMode":0,"name":"Shaded","section":"Shading Mode"},"sceneLighting":true,"audioPlay":false,"sceneViewState":{"m_AlwaysRefresh":false,"showFog":true,"showSkybox":true,"showFlares":true,"showImageEffects":true,"showParticleSystems":true,"showVisualEffectGraphs":true,"m_FxEnabled":true},"in2DMode":false,"pivot":{"x":902.8045043945313,"y":545.4326782226563,"z":9.871063232421875},"rotation":{"x":0.09554275870323181,"y":0.016124319285154344,"z":-0.0015471080550923944,"w":0.9953027963638306},"size":523.2210083007813,"orthographic":false}