{"cameraMode":{"drawMode":0,"name":"Shaded","section":"Shading Mode"},"sceneLighting":true,"audioPlay":false,"sceneViewState":{"m_AlwaysRefresh":false,"showFog":true,"showSkybox":true,"showFlares":true,"showImageEffects":true,"showParticleSystems":true,"showVisualEffectGraphs":true,"m_FxEnabled":true},"in2DMode":false,"pivot":{"x":974.3687133789063,"y":542.532470703125,"z":-10.34814453125},"rotation":{"x":0.016199840232729913,"y":-0.00030104501638561487,"z":0.000005593034984485712,"w":0.9998785257339478},"size":563.3202514648438,"orthographic":false}