{"cameraMode":{"drawMode":0,"name":"Shaded","section":"Shading Mode"},"sceneLighting":true,"audioPlay":false,"sceneViewState":{"m_AlwaysRefresh":false,"showFog":true,"showSkybox":true,"showFlares":true,"showImageEffects":true,"showParticleSystems":true,"showVisualEffectGraphs":true,"m_FxEnabled":true},"in2DMode":false,"pivot":{"x":959.7727661132813,"y":550.7112426757813,"z":-10.095405578613282},"rotation":{"x":0.016199840232729913,"y":-0.00030104501638561487,"z":0.000005593034984485712,"w":0.9998785257339478},"size":515.7386474609375,"orthographic":false}