{"cameraMode":{"drawMode":0,"name":"Shaded","section":"Shading Mode"},"sceneLighting":true,"audioPlay":false,"sceneViewState":{"m_AlwaysRefresh":false,"showFog":true,"showSkybox":true,"showFlares":true,"showImageEffects":true,"showParticleSystems":true,"showVisualEffectGraphs":true,"m_FxEnabled":true},"in2DMode":false,"pivot":{"x":984.1790161132813,"y":313.14874267578127,"z":354.1971435546875},"rotation":{"x":0.08060397952795029,"y":0.014651103876531124,"z":-0.0011848949361592532,"w":0.9966402053833008},"size":617.7910766601563,"orthographic":false}