{"cameraMode":{"drawMode":0,"name":"Shaded","section":"Shading Mode"},"sceneLighting":true,"audioPlay":false,"sceneViewState":{"m_AlwaysRefresh":false,"showFog":true,"showSkybox":true,"showFlares":true,"showImageEffects":true,"showParticleSystems":true,"showVisualEffectGraphs":true,"m_FxEnabled":true},"in2DMode":false,"pivot":{"x":703.3639526367188,"y":621.0004272460938,"z":379.55450439453127},"rotation":{"x":0.1297082006931305,"y":-0.04341591149568558,"z":0.005684899631887674,"w":0.9905866384506226},"size":592.7189331054688,"orthographic":false}